hfamily,comparision_number,total_distance,average_distance
3.30.530.70,2,0.0,0.0
6.10.250.2290,12,0.0,0.0
3.30.700.20,42,18.68815537058606,0.444956080252049
2.40.10.500,20,0.7174930886176822,0.03587465443088411
2.40.40.20,7656,5985.064307580807,0.7817482115439925
1.20.5.100,506,428.2466719700889,0.8463372963835749
1.10.3690.10,56,0.0,0.0
1.20.1290.30,2,0.09819967266775786,0.04909983633387893
1.20.58.860,2,0.15544041450777213,0.07772020725388606
