prot1,prot2,distance
1,2,0.1952662721893491
2,1,0.1952662721893491
