iteration,ave_distance
1,1.283248375
2,3.5062310714285716
3,9.801871105263157
4,16.461807038461536
5,20.296315606060602
6,22.170323552631572
7,23.348271404761903
8,23.403355163265303
9,24.51555508928572
10,25.183769816666675
11,25.90338567692309
12,26.333513347826113
13,26.70888634666669
14,27.10533645569622
15,27.547803095238105
16,27.8655745909091
17,28.1557137826087
18,28.42167470833333
19,28.666358759999994
20,28.89222096153845
