iteration,ave_distance
1,3.104206942857143
2,8.816114207547168
3,14.49023077941176
4,17.281800367088614
5,19.557445505494524
6,21.040745554455466
7,22.145129863636377
8,1.22243785
9,23.082464445378154
10,23.970550612403088
11,24.73085459712228
12,25.389104355704667
13,25.73910318064513
14,26.140887690909068
15,26.146670284883697
16,26.30672777348066
17,26.61324020744682
18,26.91902911111113
19,27.154914043478282
20,27.209231094339636
