iteration,ave_distance
1,1.31065896969697
2,4.450885706666669
3,8.332647375
4,13.190951751879705
5,15.21430622891568
6,17.248619468421058
7,18.895301042857124
8,20.141035860869557
9,21.42960581818183
10,22.38998458608064
11,23.17999693835623
12,23.89582229430388
13,24.268997526946183
14,24.738473114285757
15,25.293207239892194
16,25.6982965927835
17,25.992012716748764
18,26.33080823877067
19,26.53218118264837
20,26.527268913439602
