iteration,ave_distance
1,1.324359138297872
2,4.548239287878788
3,6.275228766283526
4,10.50048789024389
5,14.933817046913612
6,18.18744241428572
7,18.482356246492976
8,22.37818153599998
9,22.675820564000002
10,22.730481775999998
11,22.910842263999992
12,22.688319126
13,22.068065122000007
14,22.791541801999962
15,23.682609813999964
16,24.871728587999954
17,24.446362085999947
18,24.13570597399995
19,24.58585329599994
20,24.99887295799994
