iteration,ave_distance
1,1.405891705882353
2,3.881167463157896
3,11.494116090909083
4,15.45057878614459
5,18.929708327586276
